"zip","lat","lng","city","state_id","state_name","zcta","parent_zcta","population","density","county_fips","county_name","county_weights","county_names_all","county_fips_all","imprecise","military","timezone"
"00601","18.18004","-66.75218","Adjuntas","PR","Puerto Rico","TRUE","","17242","111.4","72001","Adjuntas","{'72001':99.43,'72141':0.57}","Adjuntas|Utuado","72001|72141","FALSE","FALSE","America/Puerto_Rico"
"00602","18.36073","-67.17517","Aguada","PR","Puerto Rico","TRUE","","38442","523.5","72003","Aguada","{'72003':100}","Aguada","72003","FALSE","FALSE","America/Puerto_Rico"
"00603","18.45439","-67.12202","Aguadilla","PR","Puerto Rico","TRUE","","48814","667.9","72005","Aguadilla","{'72005':100}","Aguadilla","72005","FALSE","FALSE","America/Puerto_Rico"
"00606","18.16724","-66.93828","Maricao","PR","Puerto Rico","TRUE","","6437","60.4","72093","Maricao","{'72093':94.88,'72121':1.35,'72153':3.78}","Maricao|Yauco|Sabana Grande","72093|72153|72121","FALSE","FALSE","America/Puerto_Rico"
"00610","18.29032","-67.12243","Anasco","PR","Puerto Rico","TRUE","","27073","312.0","72011","Añasco","{'72003':0.55,'72011':99.45}","Añasco|Aguada","72011|72003","FALSE","FALSE","America/Puerto_Rico"
"00612","18.40699","-66.70803","Arecibo","PR","Puerto Rico","TRUE","","60303","382.8","72013","Arecibo","{'72013':99.89,'72017':0.11}","Arecibo|Barceloneta","72013|72017","FALSE","FALSE","America/Puerto_Rico"
"00616","18.41753","-66.66814","Bajadero","PR","Puerto Rico","TRUE","","10765","368.9","72013","Arecibo","{'72013':100}","Arecibo","72013","FALSE","FALSE","America/Puerto_Rico"
"00617","18.44124","-66.55917","Barceloneta","PR","Puerto Rico","TRUE","","23974","625.0","72017","Barceloneta","{'72017':99.43,'72054':0.57}","Barceloneta|Florida","72017|72054","FALSE","FALSE","America/Puerto_Rico"
"00622","17.99174","-67.15248","Boqueron","PR","Puerto Rico","TRUE","","6578","104.6","72023","Cabo Rojo","{'72023':100}","Cabo Rojo","72023","FALSE","FALSE","America/Puerto_Rico"
"00623","18.08355","-67.15417","Cabo Rojo","PR","Puerto Rico","TRUE","","42427","437.8","72023","Cabo Rojo","{'72023':100}","Cabo Rojo","72023","FALSE","FALSE","America/Puerto_Rico"
"00624","18.06465","-66.71823","Penuelas","PR","Puerto Rico","TRUE","","22707","234.7","72111","Peñuelas","{'72111':92.53,'72113':7.47}","Peñuelas|Ponce","72111|72113","FALSE","FALSE","America/Puerto_Rico"
"00627","18.419","-66.86033","Camuy","PR","Puerto Rico","TRUE","","32222","292.8","72027","Camuy","{'72027':100}","Camuy","72027","FALSE","FALSE","America/Puerto_Rico"
"00631","18.18555","-66.83327","Castaner","PR","Puerto Rico","TRUE","","1568","177.8","72081","Lares","{'72001':32.99,'72081':67.01}","Lares|Adjuntas","72081|72001","FALSE","FALSE","America/Puerto_Rico"
"00637","18.07982","-66.94274","Sabana Grande","PR","Puerto Rico","TRUE","","22975","283.4","72121","Sabana Grande","{'72121':99.56,'72153':0.44}","Sabana Grande|Yauco","72121|72153","FALSE","FALSE","America/Puerto_Rico"
"00638","18.28904","-66.5151","Ciales","PR","Puerto Rico","TRUE","","16701","110.7","72039","Ciales","{'72039':98.27,'72091':1.73}","Ciales|Manatí","72039|72091","FALSE","FALSE","America/Puerto_Rico"
"00641","18.26408","-66.71376","Utuado","PR","Puerto Rico","TRUE","","27571","128.8","72141","Utuado","{'72001':0.21,'72141':99.79}","Utuado|Adjuntas","72141|72001","FALSE","FALSE","America/Puerto_Rico"
"00646","18.43401","-66.2833","Dorado","PR","Puerto Rico","TRUE","","37494","711.6","72051","Dorado","{'72051':99.89,'72143':0.11}","Dorado|Vega Alta","72051|72143","FALSE","FALSE","America/Puerto_Rico"
"00647","17.96612","-66.94383","Ensenada","PR","Puerto Rico","TRUE","","5643","156.7","72055","Guánica","{'72055':98.88,'72079':1.12}","Guánica|Lajas","72055|72079","FALSE","FALSE","America/Puerto_Rico"
"00650","18.34321","-66.58601","Florida","PR","Puerto Rico","TRUE","","14760","189.7","72054","Florida","{'72013':1.51,'72017':1.91,'72039':1.13,'72054':83.61,'72141':11.84}","Florida|Utuado|Barceloneta|Arecibo|Ciales","72054|72141|72017|72013|72039","FALSE","FALSE","America/Puerto_Rico"
"00652","18.45542","-66.60635","Garrochales","PR","Puerto Rico","TRUE","","3697","263.2","72013","Arecibo","{'72013':100}","Arecibo","72013","FALSE","FALSE","America/Puerto_Rico"
"00653","17.98574","-66.89033","Guanica","PR","Puerto Rico","TRUE","","11140","337.1","72055","Guánica","{'72055':100}","Guánica","72055","FALSE","FALSE","America/Puerto_Rico"
"00656","18.0528","-66.79182","Guayanilla","PR","Puerto Rico","TRUE","","18979","255.9","72059","Guayanilla","{'72059':100}","Guayanilla","72059","FALSE","FALSE","America/Puerto_Rico"
"00659","18.41069","-66.79648","Hatillo","PR","Puerto Rico","TRUE","","40390","387.7","72065","Hatillo","{'72065':100}","Hatillo","72065","FALSE","FALSE","America/Puerto_Rico"
"00660","18.13418","-67.11402","Hormigueros","PR","Puerto Rico","TRUE","","16180","587.0","72067","Hormigueros","{'72067':100}","Hormigueros","72067","FALSE","FALSE","America/Puerto_Rico"
"00662","18.46208","-67.01445","Isabela","PR","Puerto Rico","TRUE","","40290","376.6","72071","Isabela","{'72071':100}","Isabela","72071","FALSE","FALSE","America/Puerto_Rico"
"00664","18.21152","-66.5889","Jayuya","PR","Puerto Rico","TRUE","","14991","142.4","72073","Jayuya","{'72073':99.15,'72141':0.85}","Jayuya|Utuado","72073|72141","FALSE","FALSE","America/Puerto_Rico"
"00667","18.01227","-67.04089","Lajas","PR","Puerto Rico","TRUE","","23590","166.2","72079","Lajas","{'72079':98.91,'72125':1.09}","Lajas|San Germán","72079|72125","FALSE","FALSE","America/Puerto_Rico"
"00669","18.27102","-66.86982","Lares","PR","Puerto Rico","TRUE","","25653","186.6","72081","Lares","{'72081':99.22,'72083':0.62,'72131':0.16}","Lares|Las Marías|San Sebastián","72081|72083|72131","FALSE","FALSE","America/Puerto_Rico"
"00670","18.23777","-66.98877","Las Marias","PR","Puerto Rico","TRUE","","8498","83.1","72083","Las Marías","{'72011':1.12,'72083':98.88}","Las Marías|Añasco","72083|72011","FALSE","FALSE","America/Puerto_Rico"
"00674","18.42123","-66.49004","Manati","PR","Puerto Rico","TRUE","","39859","381.8","72091","Manatí","{'72091':98.49,'72145':1.51}","Manatí|Vega Baja","72091|72145","FALSE","FALSE","America/Puerto_Rico"
"00676","18.3779","-67.08083","Moca","PR","Puerto Rico","TRUE","","36995","308.6","72099","Moca","{'72003':0.51,'72099':99.49}","Moca|Aguada","72099|72003","FALSE","FALSE","America/Puerto_Rico"
"00677","18.3357","-67.23168","Rincon","PR","Puerto Rico","TRUE","","14311","411.2","72117","Rincón","{'72003':0.47,'72117':99.53}","Rincón|Aguada","72117|72003","FALSE","FALSE","America/Puerto_Rico"
"00678","18.43269","-66.92812","Quebradillas","PR","Puerto Rico","TRUE","","26091","407.5","72115","Quebradillas","{'72071':5.36,'72115':93.17,'72131':1.47}","Quebradillas|Isabela|San Sebastián","72115|72071|72131","FALSE","FALSE","America/Puerto_Rico"
"00680","18.16327","-67.36195","Mayaguez","PR","Puerto Rico","TRUE","","46395","349.6","72097","Mayagüez","{'72011':0.46,'72097':97.01,'72125':2.53}","Mayagüez|San Germán|Añasco","72097|72125|72011","FALSE","FALSE","America/Puerto_Rico"
"00682","18.22117","-67.1538","Mayaguez","PR","Puerto Rico","TRUE","","32359","874.3","72097","Mayagüez","{'72097':100}","Mayagüez","72097","FALSE","FALSE","America/Puerto_Rico"
"00683","18.10998","-67.0373","San German","PR","Puerto Rico","TRUE","","30424","249.9","72125","San Germán","{'72125':100}","San Germán","72125","FALSE","FALSE","America/Puerto_Rico"
"00685","18.33625","-66.97225","San Sebastian","PR","Puerto Rico","TRUE","","38039","213.3","72131","San Sebastián","{'72071':2,'72131':98}","San Sebastián|Isabela","72131|72071","FALSE","FALSE","America/Puerto_Rico"
"00687","18.31708","-66.4203","Morovis","PR","Puerto Rico","TRUE","","31320","323.9","72101","Morovis","{'72101':100}","Morovis","72101","FALSE","FALSE","America/Puerto_Rico"
"00688","18.38056","-66.62425","Sabana Hoyos","PR","Puerto Rico","TRUE","","12202","164.3","72013","Arecibo","{'72013':100}","Arecibo","72013","FALSE","FALSE","America/Puerto_Rico"
"00690","18.49567","-67.09825","San Antonio","PR","Puerto Rico","TRUE","","5352","857.7","72005","Aguadilla","{'72005':100}","Aguadilla","72005","FALSE","FALSE","America/Puerto_Rico"
"00692","18.40845","-66.33691","Vega Alta","PR","Puerto Rico","TRUE","","35840","541.2","72143","Vega Alta","{'72143':100}","Vega Alta","72143","FALSE","FALSE","America/Puerto_Rico"
"00693","18.42132","-66.40012","Vega Baja","PR","Puerto Rico","TRUE","","54428","599.3","72145","Vega Baja","{'72143':3.93,'72145':96.07}","Vega Baja|Vega Alta","72145|72143","FALSE","FALSE","America/Puerto_Rico"
"00694","18.48329","-66.39261","Vega Baja","PR","Puerto Rico","TRUE","","69","158.4","72145","Vega Baja","{'72145':100}","Vega Baja","72145","FALSE","FALSE","America/Puerto_Rico"
"00698","18.06728","-66.85273","Yauco","PR","Puerto Rico","TRUE","","36312","231.7","72153","Yauco","{'72059':0.24,'72153':99.76}","Yauco|Guayanilla","72153|72059","FALSE","FALSE","America/Puerto_Rico"
"00703","18.24841","-66.13119","Aguas Buenas","PR","Puerto Rico","TRUE","","26320","372.2","72007","Aguas Buenas","{'72007':95.47,'72045':4.53}","Aguas Buenas|Comerío","72007|72045","FALSE","FALSE","America/Puerto_Rico"
"00704","17.96719","-66.22017","Aguirre","PR","Puerto Rico","TRUE","","8274","678.9","72123","Salinas","{'72057':7.72,'72123':92.28}","Salinas|Guayama","72123|72057","FALSE","FALSE","America/Puerto_Rico"
"00705","18.12946","-66.26477","Aibonito","PR","Puerto Rico","TRUE","","23176","309.3","72009","Aibonito","{'72009':99.79,'72043':0.21}","Aibonito|Coamo","72009|72043","FALSE","FALSE","America/Puerto_Rico"
"00707","18.01814","-65.92201","Maunabo","PR","Puerto Rico","TRUE","","10964","224.1","72095","Maunabo","{'72095':100}","Maunabo","72095","FALSE","FALSE","America/Puerto_Rico"
"00714","17.99854","-66.05606","Arroyo","PR","Puerto Rico","TRUE","","17998","516.8","72015","Arroyo","{'72015':100}","Arroyo","72015","FALSE","FALSE","America/Puerto_Rico"
"00715","18.01172","-66.55985","Mercedita","PR","Puerto Rico","TRUE","","2972","179.4","72113","Ponce","{'72075':25.74,'72113':74.26}","Ponce|Juana Díaz","72113|72075","FALSE","FALSE","America/Puerto_Rico"
"00716","17.9994","-66.60007","Ponce","PR","Puerto Rico","TRUE","","28089","1523.3","72113","Ponce","{'72113':100}","Ponce","72113","FALSE","FALSE","America/Puerto_Rico"
"00717","18.00333","-66.61331","Ponce","PR","Puerto Rico","TRUE","","16659","3390.6","72113","Ponce","{'72113':100}","Ponce","72113","FALSE","FALSE","America/Puerto_Rico"
"00718","18.2333","-65.76108","Naguabo","PR","Puerto Rico","TRUE","","25715","227.1","72103","Naguabo","{'72103':100}","Naguabo","72103","FALSE","FALSE","America/Puerto_Rico"
"00719","18.2888","-66.25336","Naranjito","PR","Puerto Rico","TRUE","","29119","427.3","72105","Naranjito","{'72047':1.42,'72105':98.1,'72135':0.48}","Naranjito|Corozal|Toa Alta","72105|72047|72135","FALSE","FALSE","America/Puerto_Rico"
"00720","18.21772","-66.42817","Orocovis","PR","Puerto Rico","TRUE","","21276","149.8","72107","Orocovis","{'72043':0.52,'72107':99.48}","Orocovis|Coamo","72107|72043","FALSE","FALSE","America/Puerto_Rico"
"00723","18.03237","-66.01233","Patillas","PR","Puerto Rico","TRUE","","17393","161.2","72109","Patillas","{'72109':100}","Patillas","72109","FALSE","FALSE","America/Puerto_Rico"
"00725","18.21858","-66.04275","Caguas","PR","Puerto Rico","TRUE","","80555","817.3","72025","Caguas","{'72007':1.51,'72025':94.56,'72035':0.43,'72061':2.76,'72127':0.6,'72129':0.14}","Caguas|Guaynabo|Aguas Buenas|San Juan|Cayey|San Lorenzo","72025|72061|72007|72127|72035|72129","FALSE","FALSE","America/Puerto_Rico"
"00727","18.21495","-66.07356","Caguas","PR","Puerto Rico","TRUE","","54823","1048.6","72025","Caguas","{'72025':100}","Caguas","72025","FALSE","FALSE","America/Puerto_Rico"
"00728","18.00627","-66.6612","Ponce","PR","Puerto Rico","TRUE","","39698","1108.2","72113","Ponce","{'72113':100}","Ponce","72113","FALSE","FALSE","America/Puerto_Rico"
"00729","18.33114","-65.88722","Canovanas","PR","Puerto Rico","TRUE","","51593","611.1","72029","Canóvanas","{'72029':87.09,'72087':12.91}","Canóvanas|Loíza","72029|72087","FALSE","FALSE","America/Puerto_Rico"
"00730","18.03091","-66.61659","Ponce","PR","Puerto Rico","TRUE","","31634","2118.2","72113","Ponce","{'72113':100}","Ponce","72113","FALSE","FALSE","America/Puerto_Rico"
"00731","18.09775","-66.63355","Ponce","PR","Puerto Rico","TRUE","","12722","125.6","72113","Ponce","{'72001':2.2,'72113':97.8}","Ponce|Adjuntas","72113|72001","FALSE","FALSE","America/Puerto_Rico"
"00735","18.25365","-65.68306","Ceiba","PR","Puerto Rico","TRUE","","12404","227.4","72037","Ceiba","{'72037':99.18,'72103':0.82}","Ceiba|Naguabo","72037|72103","FALSE","FALSE","America/Puerto_Rico"
"00736","18.10652","-66.15258","Cayey","PR","Puerto Rico","TRUE","","47411","361.1","72035","Cayey","{'72035':92.62,'72041':7.38}","Cayey|Cidra","72035|72041","FALSE","FALSE","America/Puerto_Rico"
"00738","18.31828","-65.66785","Fajardo","PR","Puerto Rico","TRUE","","30376","457.4","72053","Fajardo","{'72053':100}","Fajardo","72053","FALSE","FALSE","America/Puerto_Rico"
"00739","18.17681","-66.16055","Cidra","PR","Puerto Rico","TRUE","","36847","485.1","72041","Cidra","{'72041':100}","Cidra","72041","FALSE","FALSE","America/Puerto_Rico"
"00740","18.33221","-65.63431","Puerto Real","PR","Puerto Rico","TRUE","","1625","1876.9","72053","Fajardo","{'72053':100}","Fajardo","72053","FALSE","FALSE","America/Puerto_Rico"
"00741","18.16564","-65.75563","Punta Santiago","PR","Puerto Rico","TRUE","","4880","812.1","72069","Humacao","{'72069':100}","Humacao","72069","FALSE","FALSE","America/Puerto_Rico"
"00745","18.34827","-65.8172","Rio Grande","PR","Puerto Rico","TRUE","","51429","411.9","72119","Río Grande","{'72029':1.4,'72119':98.6}","Río Grande|Canóvanas","72119|72029","FALSE","FALSE","America/Puerto_Rico"
"00751","18.01023","-66.24751","Salinas","PR","Puerto Rico","TRUE","","21009","190.1","72123","Salinas","{'72123':100}","Salinas","72123","FALSE","FALSE","America/Puerto_Rico"
"00754","18.1457","-65.97607","San Lorenzo","PR","Puerto Rico","TRUE","","37727","308.9","72129","San Lorenzo","{'72129':100}","San Lorenzo","72129","FALSE","FALSE","America/Puerto_Rico"
"00757","17.99727","-66.38891","Santa Isabel","PR","Puerto Rico","TRUE","","22066","301.1","72133","Santa Isabel","{'72133':100}","Santa Isabel","72133","FALSE","FALSE","America/Puerto_Rico"
"00765","18.12851","-65.44093","Vieques","PR","Puerto Rico","TRUE","","8607","184.5","72147","Vieques","{'72147':100}","Vieques","72147","FALSE","FALSE","America/Puerto_Rico"
"00766","18.13299","-66.47703","Villalba","PR","Puerto Rico","TRUE","","23201","255.4","72149","Villalba","{'72107':1.57,'72149':98.43}","Villalba|Orocovis","72149|72107","FALSE","FALSE","America/Puerto_Rico"
"00767","18.07053","-65.89604","Yabucoa","PR","Puerto Rico","TRUE","","34166","264.9","72151","Yabucoa","{'72069':0.21,'72151':99.79}","Yabucoa|Humacao","72151|72069","FALSE","FALSE","America/Puerto_Rico"
"00769","18.097","-66.36101","Coamo","PR","Puerto Rico","TRUE","","39121","203.1","72043","Coamo","{'72043':100}","Coamo","72043","FALSE","FALSE","America/Puerto_Rico"
"00771","18.18748","-65.86931","Las Piedras","PR","Puerto Rico","TRUE","","37165","438.3","72085","Las Piedras","{'72085':100}","Las Piedras","72085","FALSE","FALSE","America/Puerto_Rico"
"00772","18.43267","-65.90836","Loiza","PR","Puerto Rico","TRUE","","20055","608.6","72087","Loíza","{'72087':100}","Loíza","72087","FALSE","FALSE","America/Puerto_Rico"
"00773","18.34173","-65.7274","Luquillo","PR","Puerto Rico","TRUE","","18547","318.7","72089","Luquillo","{'72089':100}","Luquillo","72089","FALSE","FALSE","America/Puerto_Rico"
"00775","18.31347","-65.29017","Culebra","PR","Puerto Rico","TRUE","","1299","65.3","72049","Culebra","{'72049':100}","Culebra","72049","FALSE","FALSE","America/Puerto_Rico"
"00777","18.22356","-65.90881","Juncos","PR","Puerto Rico","TRUE","","39994","591.0","72077","Juncos","{'72029':0.16,'72063':0.12,'72077':99.03,'72085':0.69}","Juncos|Las Piedras|Canóvanas|Gurabo","72077|72085|72029|72063","FALSE","FALSE","America/Puerto_Rico"
"00778","18.26338","-65.97936","Gurabo","PR","Puerto Rico","TRUE","","46675","591.7","72063","Gurabo","{'72063':99.76,'72129':0.24}","Gurabo|San Lorenzo","72063|72129","FALSE","FALSE","America/Puerto_Rico"
"00780","18.10417","-66.57174","Coto Laurel","PR","Puerto Rico","TRUE","","11653","264.8","72113","Ponce","{'72075':4.46,'72113':95.54}","Ponce|Juana Díaz","72113|72075","FALSE","FALSE","America/Puerto_Rico"
"00782","18.22544","-66.22216","Comerio","PR","Puerto Rico","TRUE","","18229","279.7","72045","Comerío","{'72045':100}","Comerío","72045","FALSE","FALSE","America/Puerto_Rico"
"00783","18.3041","-66.32847","Corozal","PR","Puerto Rico","TRUE","","33372","337.3","72047","Corozal","{'72047':100}","Corozal","72047","FALSE","FALSE","America/Puerto_Rico"
"00784","18.00543","-66.13392","Guayama","PR","Puerto Rico","TRUE","","40685","310.2","72057","Guayama","{'72057':100}","Guayama","72057","FALSE","FALSE","America/Puerto_Rico"
"00786","18.15536","-66.22992","La Plata","PR","Puerto Rico","TRUE","","348","535.8","72009","Aibonito","{'72009':100}","Aibonito","72009","FALSE","FALSE","America/Puerto_Rico"
"00791","18.14069","-65.818","Humacao","PR","Puerto Rico","TRUE","","48569","558.0","72069","Humacao","{'72069':100}","Humacao","72069","FALSE","FALSE","America/Puerto_Rico"
"00794","18.20155","-66.30872","Barranquitas","PR","Puerto Rico","TRUE","","28755","334.6","72019","Barranquitas","{'72019':99.13,'72043':0.29,'72045':0.59}","Barranquitas|Comerío|Coamo","72019|72045|72043","FALSE","FALSE","America/Puerto_Rico"
"00795","18.05931","-66.50178","Juana Diaz","PR","Puerto Rico","TRUE","","44766","406.8","72075","Juana Díaz","{'72075':100}","Juana Díaz","72075","FALSE","FALSE","America/Puerto_Rico"
"00901","18.46532","-66.10485","San Juan","PR","Puerto Rico","TRUE","","6536","2792.2","72127","San Juan","{'72127':100}","San Juan","72127","FALSE","FALSE","America/Puerto_Rico"
"00906","18.46446","-66.09499","San Juan","PR","Puerto Rico","TRUE","","184","485.0","72127","San Juan","{'72127':100}","San Juan","72127","FALSE","FALSE","America/Puerto_Rico"
"00907","18.45313","-66.07778","San Juan","PR","Puerto Rico","TRUE","","16202","5598.0","72127","San Juan","{'72127':100}","San Juan","72127","FALSE","FALSE","America/Puerto_Rico"
"00909","18.44153","-66.06723","San Juan","PR","Puerto Rico","TRUE","","4989","3940.6","72127","San Juan","{'72127':100}","San Juan","72127","FALSE","FALSE","America/Puerto_Rico"
"00911","18.45135","-66.05631","San Juan","PR","Puerto Rico","TRUE","","7242","6996.3","72127","San Juan","{'72127':100}","San Juan","72127","FALSE","FALSE","America/Puerto_Rico"
"00912","18.44534","-66.06018","San Juan","PR","Puerto Rico","TRUE","","5455","7880.9","72127","San Juan","{'72127':100}","San Juan","72127","FALSE","FALSE","America/Puerto_Rico"
"00913","18.45022","-66.04267","San Juan","PR","Puerto Rico","TRUE","","8406","11154.2","72127","San Juan","{'72127':100}","San Juan","72127","FALSE","FALSE","America/Puerto_Rico"
"00915","18.43691","-66.04562","San Juan","PR","Puerto Rico","TRUE","","26131","9073.9","72127","San Juan","{'72127':100}","San Juan","72127","FALSE","FALSE","America/Puerto_Rico"
"00917","18.4214","-66.05005","San Juan","PR","Puerto Rico","TRUE","","18212","6265.8","72127","San Juan","{'72127':100}","San Juan","72127","FALSE","FALSE","America/Puerto_Rico"
"00918","18.42138","-66.06588","San Juan","PR","Puerto Rico","TRUE","","16063","3272.8","72127","San Juan","{'72127':100}","San Juan","72127","FALSE","FALSE","America/Puerto_Rico"
"00920","18.41571","-66.08889","San Juan","PR","Puerto Rico","TRUE","","16809","2430.1","72127","San Juan","{'72127':100}","San Juan","72127","FALSE","FALSE","America/Puerto_Rico"
"00921","18.39224","-66.08853","San Juan","PR","Puerto Rico","TRUE","","33394","5452.9","72127","San Juan","{'72127':100}","San Juan","72127","FALSE","FALSE","America/Puerto_Rico"
"00923","18.40953","-66.03866","San Juan","PR","Puerto Rico","TRUE","","24028","5502.9","72127","San Juan","{'72127':100}","San Juan","72127","FALSE","FALSE","America/Puerto_Rico"
"00924","18.39827","-66.01289","San Juan","PR","Puerto Rico","TRUE","","49508","4667.1","72127","San Juan","{'72031':4.14,'72127':95.86}","San Juan|Carolina","72127|72031","FALSE","FALSE","America/Puerto_Rico"
"00925","18.40031","-66.05055","San Juan","PR","Puerto Rico","TRUE","","6924","7509.0","72127","San Juan","{'72127':100}","San Juan","72127","FALSE","FALSE","America/Puerto_Rico"
"00926","18.3462","-66.05234","San Juan","PR","Puerto Rico","TRUE","","96530","1739.6","72127","San Juan","{'72061':0.39,'72127':88.13,'72139':11.47}","San Juan|Trujillo Alto|Guaynabo","72127|72139|72061","FALSE","FALSE","America/Puerto_Rico"
"00927","18.38875","-66.07189","San Juan","PR","Puerto Rico","TRUE","","13351","2195.3","72127","San Juan","{'72127':100}","San Juan","72127","FALSE","FALSE","America/Puerto_Rico"
"00934","18.41138","-66.12399","Fort Buchanan","PR","Puerto Rico","TRUE","","79","148.4","72061","Guaynabo","{'72021':42.01,'72061':57.99}","Guaynabo|Bayamón","72061|72021","FALSE","FALSE","America/Puerto_Rico"
"00936","18.39548","-66.07376","San Juan","PR","Puerto Rico","TRUE","","812","1629.4","72127","San Juan","{'72127':100}","San Juan","72127","FALSE","FALSE","America/Puerto_Rico"
"00949","18.43017","-66.20883","Toa Baja","PR","Puerto Rico","TRUE","","73891","1806.9","72137","Toa Baja","{'72033':4.15,'72137':95.85}","Toa Baja|Cataño","72137|72033","FALSE","FALSE","America/Puerto_Rico"
"00950","18.46208","-66.2376","Toa Baja","PR","Puerto Rico","TRUE","","0","1.5","72051","Dorado","{'72051':100}","Dorado","72051","FALSE","FALSE","America/Puerto_Rico"
"00951","18.42842","-66.25661","Toa Baja","PR","Puerto Rico","TRUE","","0","32.5","72137","Toa Baja","{'72137':100}","Toa Baja","72137","FALSE","FALSE","America/Puerto_Rico"
"00952","18.42748","-66.18207","Sabana Seca","PR","Puerto Rico","TRUE","","8156","3122.6","72137","Toa Baja","{'72137':100}","Toa Baja","72137","FALSE","FALSE","America/Puerto_Rico"
"00953","18.36312","-66.2475","Toa Alta","PR","Puerto Rico","TRUE","","71891","1056.0","72135","Toa Alta","{'72047':0.2,'72135':98.93,'72137':0.87}","Toa Alta|Toa Baja|Corozal","72135|72137|72047","FALSE","FALSE","America/Puerto_Rico"
"00956","18.32082","-66.17175","Bayamon","PR","Puerto Rico","TRUE","","65355","1156.6","72021","Bayamón","{'72021':99.8,'72135':0.2}","Bayamón|Toa Alta","72021|72135","FALSE","FALSE","America/Puerto_Rico"
"00957","18.36735","-66.18869","Bayamon","PR","Puerto Rico","TRUE","","38915","3816.9","72021","Bayamón","{'72021':97.07,'72135':2.93}","Bayamón|Toa Alta","72021|72135","FALSE","FALSE","America/Puerto_Rico"
"00959","18.38485","-66.15583","Bayamon","PR","Puerto Rico","TRUE","","47459","3042.5","72021","Bayamón","{'72021':97.64,'72061':1.88,'72135':0.36,'72137':0.12}","Bayamón|Guaynabo|Toa Alta|Toa Baja","72021|72061|72135|72137","FALSE","FALSE","America/Puerto_Rico"
"00960","18.41701","-66.14446","Bayamon","PR","Puerto Rico","TRUE","","2221","751.8","72021","Bayamón","{'72021':100}","Bayamón","72021","FALSE","FALSE","America/Puerto_Rico"
"00961","18.41011","-66.16538","Bayamon","PR","Puerto Rico","TRUE","","30784","2419.3","72021","Bayamón","{'72021':98.88,'72033':1.12}","Bayamón|Cataño","72021|72033","FALSE","FALSE","America/Puerto_Rico"
"00962","18.43904","-66.13928","Catano","PR","Puerto Rico","TRUE","","19593","2274.4","72033","Cataño","{'72033':100}","Cataño","72033","FALSE","FALSE","America/Puerto_Rico"
"00965","18.43385","-66.11486","Guaynabo","PR","Puerto Rico","TRUE","","7314","5230.2","72061","Guaynabo","{'72033':20.48,'72061':79.52}","Guaynabo|Cataño","72061|72033","FALSE","FALSE","America/Puerto_Rico"
"00966","18.40226","-66.11757","Guaynabo","PR","Puerto Rico","TRUE","","15710","1999.6","72061","Guaynabo","{'72021':3.12,'72061':91.02,'72127':5.86}","Guaynabo|San Juan|Bayamón","72061|72127|72021","FALSE","FALSE","America/Puerto_Rico"
"00968","18.40617","-66.10127","Guaynabo","PR","Puerto Rico","TRUE","","3554","2933.4","72061","Guaynabo","{'72061':100}","Guaynabo","72061","FALSE","FALSE","America/Puerto_Rico"
"00969","18.36751","-66.10852","Guaynabo","PR","Puerto Rico","TRUE","","42525","3338.3","72061","Guaynabo","{'72021':1.6,'72061':84.94,'72127':13.45}","Guaynabo|San Juan|Bayamón","72061|72127|72021","FALSE","FALSE","America/Puerto_Rico"
"00971","18.32131","-66.11811","Guaynabo","PR","Puerto Rico","TRUE","","26640","749.5","72061","Guaynabo","{'72021':0.33,'72061':99.51,'72127':0.16}","Guaynabo|Bayamón|San Juan","72061|72021|72127","FALSE","FALSE","America/Puerto_Rico"
"00976","18.33844","-65.9921","Trujillo Alto","PR","Puerto Rico","TRUE","","58893","1502.5","72139","Trujillo Alto","{'72031':2.87,'72127':1.98,'72139':95.15}","Trujillo Alto|Carolina|San Juan","72139|72031|72127","FALSE","FALSE","America/Puerto_Rico"
"00979","18.43649","-66.01699","Carolina","PR","Puerto Rico","TRUE","","15897","4207.9","72031","Carolina","{'72031':100}","Carolina","72031","FALSE","FALSE","America/Puerto_Rico"
"00982","18.40992","-65.9917","Carolina","PR","Puerto Rico","TRUE","","14241","4473.5","72031","Carolina","{'72031':100}","Carolina","72031","FALSE","FALSE","America/Puerto_Rico"
"00983","18.41804","-65.97632","Carolina","PR","Puerto Rico","TRUE","","34798","4373.3","72031","Carolina","{'72031':100}","Carolina","72031","FALSE","FALSE","America/Puerto_Rico"
"00985","18.40825","-65.94842","Carolina","PR","Puerto Rico","TRUE","","31845","1734.9","72031","Carolina","{'72031':100}","Carolina","72031","FALSE","FALSE","America/Puerto_Rico"
"00987","18.33935","-65.94313","Carolina","PR","Puerto Rico","TRUE","","57181","989.3","72031","Carolina","{'72031':99.42,'72139':0.58}","Carolina|Trujillo Alto","72031|72139","FALSE","FALSE","America/Puerto_Rico"
"01001","42.06258","-72.6259","Agawam","MA","Massachusetts","TRUE","","17621","562.8","25013","Hampden","{'25013':100}","Hampden","25013","FALSE","FALSE","America/New_York"
"01002","42.37492","-72.4621","Amherst","MA","Massachusetts","TRUE","","30066","203.7","25015","Hampshire","{'25011':0.97,'25015':99.03}","Hampshire|Franklin","25015|25011","FALSE","FALSE","America/New_York"
"01003","42.39192","-72.52479","Amherst","MA","Massachusetts","TRUE","","11238","5629.7","25015","Hampshire","{'25015':100}","Hampshire","25015","FALSE","FALSE","America/New_York"
"01005","42.42018","-72.10615","Barre","MA","Massachusetts","TRUE","","4991","44.3","25027","Worcester","{'25027':100}","Worcester","25027","FALSE","FALSE","America/New_York"
"01007","42.27875","-72.40036","Belchertown","MA","Massachusetts","TRUE","","14967","107.5","25015","Hampshire","{'25015':100}","Hampshire","25015","FALSE","FALSE","America/New_York"
"01008","42.18428","-72.95203","Blandford","MA","Massachusetts","TRUE","","1197","9.1","25013","Hampden","{'25013':100}","Hampden","25013","FALSE","FALSE","America/New_York"
"01009","42.20972","-72.33971","Bondsville","MA","Massachusetts","TRUE","","249","352.1","25013","Hampden","{'25013':100}","Hampden","25013","FALSE","FALSE","America/New_York"
"01010","42.12863","-72.20624","Brimfield","MA","Massachusetts","TRUE","","3739","40.1","25013","Hampden","{'25013':100}","Hampden","25013","FALSE","FALSE","America/New_York"
"01011","42.29653","-72.95969","Chester","MA","Massachusetts","TRUE","","1448","16.7","25013","Hampden","{'25013':86.35,'25015':13.65}","Hampden|Hampshire","25013|25015","FALSE","FALSE","America/New_York"
"01012","42.38698","-72.84632","Chesterfield","MA","Massachusetts","TRUE","","560","19.5","25015","Hampshire","{'25015':100}","Hampshire","25015","FALSE","FALSE","America/New_York"
"01013","42.1595","-72.60824","Chicopee","MA","Massachusetts","TRUE","","23065","1589.6","25013","Hampden","{'25013':100}","Hampden","25013","FALSE","FALSE","America/New_York"
"01020","42.17637","-72.56537","Chicopee","MA","Massachusetts","TRUE","","30097","914.6","25013","Hampden","{'25013':100}","Hampden","25013","FALSE","FALSE","America/New_York"
"01022","42.19731","-72.54267","Chicopee","MA","Massachusetts","TRUE","","2499","198.3","25013","Hampden","{'25013':100}","Hampden","25013","FALSE","FALSE","America/New_York"
"01026","42.4633","-72.92024","Cummington","MA","Massachusetts","TRUE","","954","15.2","25015","Hampshire","{'25015':100}","Hampshire","25015","FALSE","FALSE","America/New_York"
"01027","42.29508","-72.74309","Easthampton","MA","Massachusetts","TRUE","","17848","168.4","25015","Hampshire","{'25015':100}","Hampshire","25015","FALSE","FALSE","America/New_York"
"01028","42.05968","-72.49908","East Longmeadow","MA","Massachusetts","TRUE","","16200","469.2","25013","Hampden","{'25013':100}","Hampden","25013","FALSE","FALSE","America/New_York"
"01029","42.19632","-73.04836","East Otis","MA","Massachusetts","TRUE","","651","19.2","25003","Berkshire","{'25003':100}","Berkshire","25003","FALSE","FALSE","America/New_York"
"01030","42.06886","-72.67999","Feeding Hills","MA","Massachusetts","TRUE","","11123","381.2","25013","Hampden","{'25013':100}","Hampden","25013","FALSE","FALSE","America/New_York"
"01031","42.32933","-72.19822","Gilbertville","MA","Massachusetts","TRUE","","1197","62.2","25027","Worcester","{'25027':100}","Worcester","25027","FALSE","FALSE","America/New_York"
"01032","42.45029","-72.81301","Goshen","MA","Massachusetts","TRUE","","533","18.7","25015","Hampshire","{'25015':100}","Hampshire","25015","FALSE","FALSE","America/New_York"
"01033","42.26081","-72.50363","Granby","MA","Massachusetts","TRUE","","6333","86.4","25015","Hampshire","{'25015':100}","Hampshire","25015","FALSE","FALSE","America/New_York"
"01034","42.08485","-72.95765","Granville","MA","Massachusetts","TRUE","","2179","10.9","25013","Hampden","{'25013':100}","Hampden","25013","FALSE","FALSE","America/New_York"
"01035","42.35564","-72.56921","Hadley","MA","Massachusetts","TRUE","","5310","87.8","25015","Hampshire","{'25015':100}","Hampshire","25015","FALSE","FALSE","America/New_York"
"01036","42.06369","-72.4159","Hampden","MA","Massachusetts","TRUE","","5191","101.3","25013","Hampden","{'25013':100}","Hampden","25013","FALSE","FALSE","America/New_York"
"01037","42.37011","-72.19772","Hardwick","MA","Massachusetts","TRUE","","798","22.9","25027","Worcester","{'25027':100}","Worcester","25027","FALSE","FALSE","America/New_York"
"01038","42.3855","-72.60699","Hatfield","MA","Massachusetts","TRUE","","2867","98.4","25015","Hampshire","{'25015':100}","Hampshire","25015","FALSE","FALSE","America/New_York"
"01039","42.40629","-72.69362","Haydenville","MA","Massachusetts","TRUE","","1042","39.0","25015","Hampshire","{'25011':15.12,'25015':84.88}","Hampshire|Franklin","25015|25011","FALSE","FALSE","America/New_York"
"01040","42.21256","-72.64107","Holyoke","MA","Massachusetts","TRUE","","40376","727.5","25013","Hampden","{'25013':100}","Hampden","25013","FALSE","FALSE","America/New_York"
"01050","42.28784","-72.86986","Huntington","MA","Massachusetts","TRUE","","2422","25.5","25015","Hampshire","{'25013':13.83,'25015':86.17}","Hampshire|Hampden","25015|25013","FALSE","FALSE","America/New_York"
"01053","42.35348","-72.71161","Leeds","MA","Massachusetts","TRUE","","1702","126.8","25015","Hampshire","{'25015':100}","Hampshire","25015","FALSE","FALSE","America/New_York"
"01054","42.47363","-72.48746","Leverett","MA","Massachusetts","TRUE","","1983","31.4","25011","Franklin","{'25011':100}","Franklin","25011","FALSE","FALSE","America/New_York"
"01056","42.19212","-72.45804","Ludlow","MA","Massachusetts","TRUE","","21336","299.6","25013","Hampden","{'25013':100}","Hampden","25013","FALSE","FALSE","America/New_York"
"01057","42.09164","-72.32431","Monson","MA","Massachusetts","TRUE","","8745","73.3","25013","Hampden","{'25013':100}","Hampden","25013","FALSE","FALSE","America/New_York"
"01060","42.32228","-72.63129","Northampton","MA","Massachusetts","TRUE","","15779","540.2","25015","Hampshire","{'25015':100}","Hampshire","25015","FALSE","FALSE","America/New_York"
"01062","42.3219","-72.69279","Florence","MA","Massachusetts","TRUE","","10495","237.2","25015","Hampshire","{'25015':100}","Hampshire","25015","FALSE","FALSE","America/New_York"
"01063","42.3191","-72.63896","Northampton","MA","Massachusetts","TRUE","","592","4278.5","25015","Hampshire","{'25015':100}","Hampshire","25015","FALSE","FALSE","America/New_York"
"01066","42.40763","-72.65481","North Hatfield","MA","Massachusetts","TRUE","","9","34.7","25015","Hampshire","{'25015':100}","Hampshire","25015","FALSE","FALSE","America/New_York"
"01068","42.35002","-72.04606","Oakham","MA","Massachusetts","TRUE","","1840","35.3","25027","Worcester","{'25027':100}","Worcester","25027","FALSE","FALSE","America/New_York"
"01069","42.18807","-72.30555","Palmer","MA","Massachusetts","TRUE","","8698","116.4","25013","Hampden","{'25013':100}","Hampden","25013","FALSE","FALSE","America/New_York"
"01070","42.51853","-72.92391","Plainfield","MA","Massachusetts","TRUE","","604","11.8","25015","Hampshire","{'25015':100}","Hampshire","25015","FALSE","FALSE","America/New_York"
"01071","42.16035","-72.86","Russell","MA","Massachusetts","TRUE","","1270","39.6","25013","Hampden","{'25013':100}","Hampden","25013","FALSE","FALSE","America/New_York"
"01072","42.45737","-72.41841","Shutesbury","MA","Massachusetts","TRUE","","1536","28.4","25011","Franklin","{'25011':100}","Franklin","25011","FALSE","FALSE","America/New_York"
"01073","42.23083","-72.73857","Southampton","MA","Massachusetts","TRUE","","6140","79.4","25015","Hampshire","{'25015':100}","Hampshire","25015","FALSE","FALSE","America/New_York"
"01074","42.38661","-72.09427","South Barre","MA","Massachusetts","TRUE","","548","1448.3","25027","Worcester","{'25027':100}","Worcester","25027","FALSE","FALSE","America/New_York"
"01075","42.25674","-72.57923","South Hadley","MA","Massachusetts","TRUE","","17763","382.0","25015","Hampshire","{'25015':100}","Hampshire","25015","FALSE","FALSE","America/New_York"
"01077","42.05437","-72.77851","Southwick","MA","Massachusetts","TRUE","","9727","119.0","25013","Hampden","{'25013':100}","Hampden","25013","FALSE","FALSE","America/New_York"
"01079","42.19437","-72.33014","Thorndike","MA","Massachusetts","TRUE","","658","237.5","25013","Hampden","{'25013':100}","Hampden","25013","FALSE","FALSE","America/New_York"
"01080","42.18206","-72.36564","Three Rivers","MA","Massachusetts","TRUE","","2802","521.9","25013","Hampden","{'25013':100}","Hampden","25013","FALSE","FALSE","America/New_York"
"01081","42.06234","-72.23094","Wales","MA","Massachusetts","TRUE","","1941","45.2","25013","Hampden","{'25013':100}","Hampden","25013","FALSE","FALSE","America/New_York"
"01082","42.2948","-72.27776","Ware","MA","Massachusetts","TRUE","","10586","86.4","25015","Hampshire","{'25015':95.64,'25027':4.36}","Hampshire|Worcester","25015|25027","FALSE","FALSE","America/New_York"
"01083","42.20382","-72.19496","Warren","MA","Massachusetts","TRUE","","2986","70.8","25027","Worcester","{'25027':100}","Worcester","25027","FALSE","FALSE","America/New_York"
"01084","42.39038","-72.88089","West Chesterfield","MA","Massachusetts","TRUE","","174","7.4","25015","Hampshire","{'25015':100}","Hampshire","25015","FALSE","FALSE","America/New_York"
"01085","42.15371","-72.76958","Westfield","MA","Massachusetts","TRUE","","41942","265.9","25013","Hampden","{'25013':100}","Hampden","25013","FALSE","FALSE","America/New_York"
"01086","42.1304","-72.79397","Westfield","MA","Massachusetts","TRUE","","372","7144.9","25013","Hampden","{'25013':100}","Hampden","25013","FALSE","FALSE","America/New_York"
"01088","42.3901","-72.6478","West Hatfield","MA","Massachusetts","TRUE","","416","49.8","25015","Hampshire","{'25015':100}","Hampshire","25015","FALSE","FALSE","America/New_York"
"01089","42.12534","-72.65027","West Springfield","MA","Massachusetts","TRUE","","28666","655.3","25013","Hampden","{'25013':100}","Hampden","25013","FALSE","FALSE","America/New_York"
"01092","42.19972","-72.23727","West Warren","MA","Massachusetts","TRUE","","1425","80.2","25027","Worcester","{'25027':100}","Worcester","25027","FALSE","FALSE","America/New_York"
"01093","42.43439","-72.65304","Whately","MA","Massachusetts","TRUE","","283","24.9","25011","Franklin","{'25011':100}","Franklin","25011","FALSE","FALSE","America/New_York"
"01094","42.35945","-72.13847","Wheelwright","MA","Massachusetts","TRUE","","282","118.7","25027","Worcester","{'25027':100}","Worcester","25027","FALSE","FALSE","America/New_York"
"01095","42.12763","-72.42994","Wilbraham","MA","Massachusetts","TRUE","","14690","245.8","25013","Hampden","{'25013':100}","Hampden","25013","FALSE","FALSE","America/New_York"
"01096","42.4042","-72.76817","Williamsburg","MA","Massachusetts","TRUE","","2695","27.0","25015","Hampshire","{'25015':100}","Hampshire","25015","FALSE","FALSE","America/New_York"
"01097","42.17603","-72.8313","Woronoco","MA","Massachusetts","TRUE","","59","22.9","25013","Hampden","{'25013':100}","Hampden","25013","FALSE","FALSE","America/New_York"
"01098","42.3946","-72.94242","Worthington","MA","Massachusetts","TRUE","","1196","13.6","25015","Hampshire","{'25015':100}","Hampshire","25015","FALSE","FALSE","America/New_York"
"01103","42.104","-72.59204","Springfield","MA","Massachusetts","TRUE","","2389","2080.0","25013","Hampden","{'25013':100}","Hampden","25013","FALSE","FALSE","America/New_York"
"01104","42.13403","-72.56681","Springfield","MA","Massachusetts","TRUE","","23876","1692.5","25013","Hampden","{'25013':100}","Hampden","25013","FALSE","FALSE","America/New_York"
"01105","42.09916","-72.57898","Springfield","MA","Massachusetts","TRUE","","11957","3836.5","25013","Hampden","{'25013':100}","Hampden","25013","FALSE","FALSE","America/New_York"
"01106","42.04791","-72.57176","Longmeadow","MA","Massachusetts","TRUE","","16022","667.1","25013","Hampden","{'25013':100}","Hampden","25013","FALSE","FALSE","America/New_York"
"01107","42.12129","-72.6055","Springfield","MA","Massachusetts","TRUE","","11582","2974.5","25013","Hampden","{'25013':100}","Hampden","25013","FALSE","FALSE","America/New_York"
"01108","42.08055","-72.55983","Springfield","MA","Massachusetts","TRUE","","27850","2766.1","25013","Hampden","{'25013':100}","Hampden","25013","FALSE","FALSE","America/New_York"
"01109","42.11837","-72.54875","Springfield","MA","Massachusetts","TRUE","","29903","2145.9","25013","Hampden","{'25013':100}","Hampden","25013","FALSE","FALSE","America/New_York"
"01118","42.09476","-72.52534","Springfield","MA","Massachusetts","TRUE","","14980","1511.0","25013","Hampden","{'25013':100}","Hampden","25013","FALSE","FALSE","America/New_York"
"01119","42.12455","-72.51122","Springfield","MA","Massachusetts","TRUE","","13626","1539.2","25013","Hampden","{'25013':100}","Hampden","25013","FALSE","FALSE","America/New_York"
"01128","42.09488","-72.48814","Springfield","MA","Massachusetts","TRUE","","2672","911.2","25013","Hampden","{'25013':100}","Hampden","25013","FALSE","FALSE","America/New_York"
"01129","42.12099","-72.48774","Springfield","MA","Massachusetts","TRUE","","6762","790.8","25013","Hampden","{'25013':100}","Hampden","25013","FALSE","FALSE","America/New_York"
"01151","42.15294","-72.50877","Indian Orchard","MA","Massachusetts","TRUE","","8807","1417.7","25013","Hampden","{'25013':100}","Hampden","25013","FALSE","FALSE","America/New_York"
"01199","42.12065","-72.6045","Springfield","MA","Massachusetts","TRUE","","0","0.0","25013","Hampden","{'25013':0}","Hampden","25013","FALSE","FALSE","America/New_York"
"01201","42.44993","-73.27644","Pittsfield","MA","Massachusetts","TRUE","","44607","339.2","25003","Berkshire","{'25003':100}","Berkshire","25003","FALSE","FALSE","America/New_York"
"01220","42.62372","-73.11718","Adams","MA","Massachusetts","TRUE","","8209","135.1","25003","Berkshire","{'25003':100}","Berkshire","25003","FALSE","FALSE","America/New_York"
"01222","42.05898","-73.32078","Ashley Falls","MA","Massachusetts","TRUE","","810","96.8","25003","Berkshire","{'25003':100}","Berkshire","25003","FALSE","FALSE","America/New_York"
"01223","42.31176","-73.0994","Becket","MA","Massachusetts","TRUE","","2402","12.8","25003","Berkshire","{'25003':100}","Berkshire","25003","FALSE","FALSE","America/New_York"
"01224","42.50662","-73.19746","Berkshire","MA","Massachusetts","TRUE","","210","252.6","25003","Berkshire","{'25003':100}","Berkshire","25003","FALSE","FALSE","America/New_York"
"01225","42.56267","-73.15484","Cheshire","MA","Massachusetts","TRUE","","3135","47.9","25003","Berkshire","{'25003':100}","Berkshire","25003","FALSE","FALSE","America/New_York"
"01226","42.48168","-73.13992","Dalton","MA","Massachusetts","TRUE","","6782","101.7","25003","Berkshire","{'25003':100}","Berkshire","25003","FALSE","FALSE","America/New_York"
"01229","42.27799","-73.33204","Glendale","MA","Massachusetts","TRUE","","70","50.0","25003","Berkshire","{'25003':100}","Berkshire","25003","FALSE","FALSE","America/New_York"
"01230","42.18476","-73.34368","Great Barrington","MA","Massachusetts","TRUE","","8542","35.6","25003","Berkshire","{'25003':100}","Berkshire","25003","FALSE","FALSE","America/New_York"
"01235","42.42975","-73.07241","Hinsdale","MA","Massachusetts","TRUE","","2640","23.4","25003","Berkshire","{'25003':100}","Berkshire","25003","FALSE","FALSE","America/New_York"
"01236","42.26658","-73.3767","Housatonic","MA","Massachusetts","TRUE","","1140","121.3","25003","Berkshire","{'25003':100}","Berkshire","25003","FALSE","FALSE","America/New_York"
"01237","42.54971","-73.26265","Lanesborough","MA","Massachusetts","TRUE","","2580","15.6","25003","Berkshire","{'25003':100}","Berkshire","25003","FALSE","FALSE","America/New_York"
"01238","42.29522","-73.22879","Lee","MA","Massachusetts","TRUE","","5903","67.0","25003","Berkshire","{'25003':100}","Berkshire","25003","FALSE","FALSE","America/New_York"
"01240","42.37208","-73.27646","Lenox","MA","Massachusetts","TRUE","","4441","81.9","25003","Berkshire","{'25003':100}","Berkshire","25003","FALSE","FALSE","America/New_York"
"01242","42.33328","-73.24921","Lenox Dale","MA","Massachusetts","TRUE","","471","369.1","25003","Berkshire","{'25003':100}","Berkshire","25003","FALSE","FALSE","America/New_York"
"01243","42.35146","-73.02322","Middlefield","MA","Massachusetts","TRUE","","257","6.9","25015","Hampshire","{'25015':100}","Hampshire","25015","FALSE","FALSE","America/New_York"
"01244","42.11608","-73.26271","Mill River","MA","Massachusetts","TRUE","","74","23.8","25003","Berkshire","{'25003':100}","Berkshire","25003","FALSE","FALSE","America/New_York"
"01245","42.18818","-73.21891","Monterey","MA","Massachusetts","TRUE","","809","13.6","25003","Berkshire","{'25003':100}","Berkshire","25003","FALSE","FALSE","America/New_York"
"01247","42.69546","-73.07996","North Adams","MA","Massachusetts","TRUE","","15573","118.2","25003","Berkshire","{'25003':100}","Berkshire","25003","FALSE","FALSE","America/New_York"
"01253","42.21187","-73.11616","Otis","MA","Massachusetts","TRUE","","672","15.4","25003","Berkshire","{'25003':100}","Berkshire","25003","FALSE","FALSE","America/New_York"
"01254","42.37982","-73.36545","Richmond","MA","Massachusetts","TRUE","","1014","25.7","25003","Berkshire","{'25003':100}","Berkshire","25003","FALSE","FALSE","America/New_York"
"01255","42.10834","-73.1229","Sandisfield","MA","Massachusetts","TRUE","","972","6.8","25003","Berkshire","{'25003':100}","Berkshire","25003","FALSE","FALSE","America/New_York"
"01256","42.59627","-73.01957","Savoy","MA","Massachusetts","TRUE","","719","7.5","25003","Berkshire","{'25003':100}","Berkshire","25003","FALSE","FALSE","America/New_York"
"01257","42.09701","-73.36886","Sheffield","MA","Massachusetts","TRUE","","2003","22.6","25003","Berkshire","{'25003':100}","Berkshire","25003","FALSE","FALSE","America/New_York"
"01258","42.10257","-73.46175","South Egremont","MA","Massachusetts","TRUE","","489","5.6","25003","Berkshire","{'25003':100}","Berkshire","25003","FALSE","FALSE","America/New_York"
"01259","42.07553","-73.23564","Southfield","MA","Massachusetts","TRUE","","528","9.7","25003","Berkshire","{'25003':100}","Berkshire","25003","FALSE","FALSE","America/New_York"
"01260","42.29587","-73.34517","South Lee","MA","Massachusetts","TRUE","","481","36.9","25003","Berkshire","{'25003':100}","Berkshire","25003","FALSE","FALSE","America/New_York"
"01262","42.29354","-73.31771","Stockbridge","MA","Massachusetts","TRUE","","1066","39.7","25003","Berkshire","{'25003':100}","Berkshire","25003","FALSE","FALSE","America/New_York"
"01264","42.23409","-73.19903","Tyringham","MA","Massachusetts","TRUE","","196","4.7","25003","Berkshire","{'25003':100}","Berkshire","25003","FALSE","FALSE","America/New_York"
"01266","42.30802","-73.38405","West Stockbridge","MA","Massachusetts","TRUE","","1369","21.7","25003","Berkshire","{'25003':100}","Berkshire","25003","FALSE","FALSE","America/New_York"
"01267","42.67197","-73.23904","Williamstown","MA","Massachusetts","TRUE","","7955","56.6","25003","Berkshire","{'25003':100}","Berkshire","25003","FALSE","FALSE","America/New_York"
"01270","42.51492","-73.04125","Windsor","MA","Massachusetts","TRUE","","770","9.4","25003","Berkshire","{'25003':100}","Berkshire","25003","FALSE","FALSE","America/New_York"
"01301","42.62406","-72.60401","Greenfield","MA","Massachusetts","TRUE","","17713","268.1","25011","Franklin","{'25011':100}","Franklin","25011","FALSE","FALSE","America/New_York"
"01330","42.51377","-72.81395","Ashfield","MA","Massachusetts","TRUE","","1367","17.5","25011","Franklin","{'25011':100}","Franklin","25011","FALSE","FALSE","America/New_York"
"01331","42.56728","-72.18293","Athol","MA","Massachusetts","TRUE","","13383","96.2","25027","Worcester","{'25027':100}","Worcester","25027","FALSE","FALSE","America/New_York"
"01337","42.69503","-72.57711","Bernardston","MA","Massachusetts","TRUE","","2498","26.9","25011","Franklin","{'25011':100}","Franklin","25011","FALSE","FALSE","America/New_York"
"01338","42.57358","-72.82134","Buckland","MA","Massachusetts","TRUE","","127","20.9","25011","Franklin","{'25011':100}","Franklin","25011","FALSE","FALSE","America/New_York"
"01339","42.60801","-72.89006","Charlemont","MA","Massachusetts","TRUE","","1428","10.1","25011","Franklin","{'25011':100}","Franklin","25011","FALSE","FALSE","America/New_York"
"01340","42.68319","-72.71797","Colrain","MA","Massachusetts","TRUE","","1808","15.0","25011","Franklin","{'25011':100}","Franklin","25011","FALSE","FALSE","America/New_York"
"01341","42.50447","-72.70514","Conway","MA","Massachusetts","TRUE","","1836","19.8","25011","Franklin","{'25011':100}","Franklin","25011","FALSE","FALSE","America/New_York"
"01342","42.54451","-72.60591","Deerfield","MA","Massachusetts","TRUE","","1439","32.3","25011","Franklin","{'25011':100}","Franklin","25011","FALSE","FALSE","America/New_York"
"01343","42.65444","-72.9811","Drury","MA","Massachusetts","TRUE","","45","5.9","25003","Berkshire","{'25003':100}","Berkshire","25003","FALSE","FALSE","America/New_York"
"01344","42.60777","-72.42882","Erving","MA","Massachusetts","TRUE","","1459","42.5","25011","Franklin","{'25011':100}","Franklin","25011","FALSE","FALSE","America/New_York"
"01346","42.68892","-72.817","Heath","MA","Massachusetts","TRUE","","427","9.6","25011","Franklin","{'25011':100}","Franklin","25011","FALSE","FALSE","America/New_York"
"01347","42.56137","-72.51694","Lake Pleasant","MA","Massachusetts","TRUE","","175","110.7","25011","Franklin","{'25011':100}","Franklin","25011","FALSE","FALSE","America/New_York"
"01349","42.57271","-72.48329","Millers Falls","MA","Massachusetts","TRUE","","1292","54.8","25011","Franklin","{'25011':100}","Franklin","25011","FALSE","FALSE","America/New_York"
"01350","42.72265","-72.98244","Monroe Bridge","MA","Massachusetts","TRUE","","91","4.4","25011","Franklin","{'25011':100}","Franklin","25011","FALSE","FALSE","America/New_York"
"01351","42.54282","-72.51905","Montague","MA","Massachusetts","TRUE","","2099","41.9","25011","Franklin","{'25011':100}","Franklin","25011","FALSE","FALSE","America/New_York"
"01354","42.63366","-72.51108","Gill","MA","Massachusetts","TRUE","","1608","42.1","25011","Franklin","{'25011':100}","Franklin","25011","FALSE","FALSE","America/New_York"
"01355","42.45289","-72.33044","New Salem","MA","Massachusetts","TRUE","","949","7.2","25011","Franklin","{'25011':100}","Franklin","25011","FALSE","FALSE","America/New_York"
"01360","42.67575","-72.44594","Northfield","MA","Massachusetts","TRUE","","2997","34.2","25011","Franklin","{'25011':100}","Franklin","25011","FALSE","FALSE","America/New_York"
"01364","42.61292","-72.29241","Orange","MA","Massachusetts","TRUE","","7785","78.4","25011","Franklin","{'25011':100}","Franklin","25011","FALSE","FALSE","America/New_York"
"01366","42.48054","-72.18777","Petersham","MA","Massachusetts","TRUE","","1269","12.2","25027","Worcester","{'25027':100}","Worcester","25027","FALSE","FALSE","America/New_York"
"01367","42.6958","-72.91185","Rowe","MA","Massachusetts","TRUE","","595","7.6","25011","Franklin","{'25011':100}","Franklin","25011","FALSE","FALSE","America/New_York"
"01368","42.68082","-72.18602","Royalston","MA","Massachusetts","TRUE","","1170","11.6","25027","Worcester","{'25027':100}","Worcester","25027","FALSE","FALSE","America/New_York"
"01370","42.59655","-72.72864","Shelburne Falls","MA","Massachusetts","TRUE","","4041","31.6","25011","Franklin","{'25011':100}","Franklin","25011","FALSE","FALSE","America/New_York"
"01373","42.47292","-72.61562","South Deerfield","MA","Massachusetts","TRUE","","4634","73.5","25011","Franklin","{'25011':100}","Franklin","25011","FALSE","FALSE","America/New_York"
"01375","42.46511","-72.55461","Sunderland","MA","Massachusetts","TRUE","","3659","100.0","25011","Franklin","{'25011':100}","Franklin","25011","FALSE","FALSE","America/New_York"
"01376","42.59533","-72.55579","Turners Falls","MA","Massachusetts","TRUE","","5123","735.1","25011","Franklin","{'25011':100}","Franklin","25011","FALSE","FALSE","America/New_York"
"01378","42.6748","-72.34581","Warwick","MA","Massachusetts","TRUE","","773","8.8","25011","Franklin","{'25011':100}","Franklin","25011","FALSE","FALSE","America/New_York"
"01379","42.55285","-72.40252","Wendell","MA","Massachusetts","TRUE","","830","10.4","25011","Franklin","{'25011':100}","Franklin","25011","FALSE","FALSE","America/New_York"
"01420","42.58578","-71.81662","Fitchburg","MA","Massachusetts","TRUE","","40737","513.7","25027","Worcester","{'25027':100}","Worcester","25027","FALSE","FALSE","America/New_York"
"01430","42.66019","-71.92369","Ashburnham","MA","Massachusetts","TRUE","","6253","63.6","25027","Worcester","{'25027':100}","Worcester","25027","FALSE","FALSE","America/New_York"
"01431","42.67652","-71.82323","Ashby","MA","Massachusetts","TRUE","","3215","50.2","25017","Middlesex","{'25017':100}","Middlesex","25017","FALSE","FALSE","America/New_York"
"01432","42.56467","-71.57139","Ayer","MA","Massachusetts","TRUE","","7762","323.1","25017","Middlesex","{'25017':100}","Middlesex","25017","FALSE","FALSE","America/New_York"
"01434","42.53854","-71.6115","Devens","MA","Massachusetts","TRUE","","1875","131.3","25027","Worcester","{'25017':18.83,'25027':81.17}","Worcester|Middlesex","25027|25017","FALSE","FALSE","America/New_York"
"01436","42.60547","-72.08848","Baldwinville","MA","Massachusetts","TRUE","","3392","134.3","25027","Worcester","{'25027':100}","Worcester","25027","FALSE","FALSE","America/New_York"
"01438","42.5618","-72.0317","East Templeton","MA","Massachusetts","TRUE","","711","398.2","25027","Worcester","{'25027':100}","Worcester","25027","FALSE","FALSE","America/New_York"
"01440","42.58738","-71.98648","Gardner","MA","Massachusetts","TRUE","","20555","326.9","25027","Worcester","{'25027':100}","Worcester","25027","FALSE","FALSE","America/New_York"
"01450","42.61368","-71.56142","Groton","MA","Massachusetts","TRUE","","11301","125.4","25017","Middlesex","{'25017':100}","Middlesex","25017","FALSE","FALSE","America/New_York"
"01451","42.50124","-71.57378","Harvard","MA","Massachusetts","TRUE","","4625","95.8","25027","Worcester","{'25027':100}","Worcester","25027","FALSE","FALSE","America/New_York"
"01452","42.48379","-72.00514","Hubbardston","MA","Massachusetts","TRUE","","4642","41.2","25027","Worcester","{'25027':100}","Worcester","25027","FALSE","FALSE","America/New_York"
"01453","42.51863","-71.76138","Leominster","MA","Massachusetts","TRUE","","41579","554.3","25027","Worcester","{'25027':100}","Worcester","25027","FALSE","FALSE","America/New_York"
"01460","42.53501","-71.4891","Littleton","MA","Massachusetts","TRUE","","9935","208.6","25017","Middlesex","{'25017':100}","Middlesex","25017","FALSE","FALSE","America/New_York"
"01462","42.58968","-71.7199","Lunenburg","MA","Massachusetts","TRUE","","11271","147.4","25027","Worcester","{'25027':100}","Worcester","25027","FALSE","FALSE","America/New_York"
"01463","42.67127","-71.60426","Pepperell","MA","Massachusetts","TRUE","","12083","196.6","25017","Middlesex","{'25017':100}","Middlesex","25017","FALSE","FALSE","America/New_York"
"01464","42.57331","-71.64837","Shirley","MA","Massachusetts","TRUE","","7598","185.9","25017","Middlesex","{'25017':100}","Middlesex","25017","FALSE","FALSE","America/New_York"
"01467","42.48772","-71.61729","Still River","MA","Massachusetts","TRUE","","363","64.6","25027","Worcester","{'25027':100}","Worcester","25027","FALSE","FALSE","America/New_York"
"01468","42.55208","-72.06894","Templeton","MA","Massachusetts","TRUE","","4024","72.5","25027","Worcester","{'25027':100}","Worcester","25027","FALSE","FALSE","America/New_York"
"01469","42.66673","-71.69396","Townsend","MA","Massachusetts","TRUE","","7632","115.3","25017","Middlesex","{'25017':100}","Middlesex","25017","FALSE","FALSE","America/New_York"
"01473","42.55122","-71.90266","Westminster","MA","Massachusetts","TRUE","","7665","79.3","25027","Worcester","{'25027':100}","Worcester","25027","FALSE","FALSE","America/New_York"
"01474","42.66784","-71.75221","West Townsend","MA","Massachusetts","TRUE","","1823","82.6","25017","Middlesex","{'25017':100}","Middlesex","25017","FALSE","FALSE","America/New_York"
"01475","42.66667","-72.04899","Winchendon","MA","Massachusetts","TRUE","","10798","92.5","25027","Worcester","{'25027':100}","Worcester","25027","FALSE","FALSE","America/New_York"
"01501","42.1972","-71.84534","Auburn","MA","Massachusetts","TRUE","","16549","401.4","25027","Worcester","{'25027':100}","Worcester","25027","FALSE","FALSE","America/New_York"
"01503","42.38378","-71.63551","Berlin","MA","Massachusetts","TRUE","","3144","85.3","25027","Worcester","{'25027':100}","Worcester","25027","FALSE","FALSE","America/New_York"
"01504","42.0399","-71.53122","Blackstone","MA","Massachusetts","TRUE","","9246","313.7","25027","Worcester","{'25027':100}","Worcester","25027","FALSE","FALSE","America/New_York"
"01505","42.35633","-71.72123","Boylston","MA","Massachusetts","TRUE","","4581","104.7","25027","Worcester","{'25027':100}","Worcester","25027","FALSE","FALSE","America/New_York"
"01506","42.19365","-72.10441","Brookfield","MA","Massachusetts","TRUE","","3431","84.3","25027","Worcester","{'25027':100}","Worcester","25027","FALSE","FALSE","America/New_York"
"01507","42.13509","-71.96803","Charlton","MA","Massachusetts","TRUE","","13482","118.8","25027","Worcester","{'25027':100}","Worcester","25027","FALSE","FALSE","America/New_York"
"01510","42.4119","-71.68882","Clinton","MA","Massachusetts","TRUE","","13899","929.2","25027","Worcester","{'25027':100}","Worcester","25027","FALSE","FALSE","America/New_York"
"01515","42.20328","-72.0467","East Brookfield","MA","Massachusetts","TRUE","","2159","85.4","25027","Worcester","{'25027':100}","Worcester","25027","FALSE","FALSE","America/New_York"
"01516","42.05284","-71.75092","Douglas","MA","Massachusetts","TRUE","","8794","89.3","25027","Worcester","{'25027':100}","Worcester","25027","FALSE","FALSE","America/New_York"
"01518","42.12349","-72.11861","Fiskdale","MA","Massachusetts","TRUE","","3919","129.3","25027","Worcester","{'25027':100}","Worcester","25027","FALSE","FALSE","America/New_York"
"01519","42.2011","-71.68019","Grafton","MA","Massachusetts","TRUE","","6741","233.3","25027","Worcester","{'25027':100}","Worcester","25027","FALSE","FALSE","America/New_York"
"01520","42.33536","-71.85284","Holden","MA","Massachusetts","TRUE","","15645","298.9","25027","Worcester","{'25027':100}","Worcester","25027","FALSE","FALSE","America/New_York"
"01521","42.06012","-72.16592","Holland","MA","Massachusetts","TRUE","","2539","78.0","25013","Hampden","{'25013':100}","Hampden","25013","FALSE","FALSE","America/New_York"
"01522","42.38137","-71.86913","Jefferson","MA","Massachusetts","TRUE","","3176","78.0","25027","Worcester","{'25027':100}","Worcester","25027","FALSE","FALSE","America/New_York"
"01523","42.47971","-71.67844","Lancaster","MA","Massachusetts","TRUE","","7749","116.2","25027","Worcester","{'25027':100}","Worcester","25027","FALSE","FALSE","America/New_York"
"01524","42.24923","-71.91983","Leicester","MA","Massachusetts","TRUE","","6902","161.8","25027","Worcester","{'25027':100}","Worcester","25027","FALSE","FALSE","America/New_York"
"01525","42.10683","-71.63236","Linwood","MA","Massachusetts","TRUE","","400","249.5","25027","Worcester","{'25027':100}","Worcester","25027","FALSE","FALSE","America/New_York"
"01527","42.19218","-71.77416","Millbury","MA","Massachusetts","TRUE","","13630","328.3","25027","Worcester","{'25027':100}","Worcester","25027","FALSE","FALSE","America/New_York"
"01529","42.03905","-71.57766","Millville","MA","Massachusetts","TRUE","","3242","253.2","25027","Worcester","{'25027':100}","Worcester","25027","FALSE","FALSE","America/New_York"
"01531","42.31929","-72.12795","New Braintree","MA","Massachusetts","TRUE","","1298","18.6","25027","Worcester","{'25027':100}","Worcester","25027","FALSE","FALSE","America/New_York"
"01532","42.32315","-71.64621","Northborough","MA","Massachusetts","TRUE","","14985","295.9","25027","Worcester","{'25027':100}","Worcester","25027","FALSE","FALSE","America/New_York"
"01534","42.14043","-71.643","Northbridge","MA","Massachusetts","TRUE","","6311","248.2","25027","Worcester","{'25027':100}","Worcester","25027","FALSE","FALSE","America/New_York"
"01535","42.2695","-72.07795","North Brookfield","MA","Massachusetts","TRUE","","4764","85.0","25027","Worcester","{'25027':100}","Worcester","25027","FALSE","FALSE","America/New_York"
"01536","42.23236","-71.69101","North Grafton","MA","Massachusetts","TRUE","","7786","319.0","25027","Worcester","{'25027':100}","Worcester","25027","FALSE","FALSE","America/New_York"
"01537","42.16157","-71.89148","North Oxford","MA","Massachusetts","TRUE","","2289","124.3","25027","Worcester","{'25027':100}","Worcester","25027","FALSE","FALSE","America/New_York"
"01540","42.11634","-71.85733","Oxford","MA","Massachusetts","TRUE","","11484","225.4","25027","Worcester","{'25027':100}","Worcester","25027","FALSE","FALSE","America/New_York"
"01541","42.45649","-71.88128","Princeton","MA","Massachusetts","TRUE","","3443","37.2","25027","Worcester","{'25027':100}","Worcester","25027","FALSE","FALSE","America/New_York"
"01542","42.20187","-71.91079","Rochdale","MA","Massachusetts","TRUE","","2314","211.2","25027","Worcester","{'25027':100}","Worcester","25027","FALSE","FALSE","America/New_York"
"01543","42.38482","-71.96727","Rutland","MA","Massachusetts","TRUE","","8586","87.7","25027","Worcester","{'25027':100}","Worcester","25027","FALSE","FALSE","America/New_York"
"01545","42.28423","-71.71554","Shrewsbury","MA","Massachusetts","TRUE","","36666","657.0","25027","Worcester","{'25027':100}","Worcester","25027","FALSE","FALSE","America/New_York"
"01550","42.06039","-72.03377","Southbridge","MA","Massachusetts","TRUE","","16894","319.0","25027","Worcester","{'25027':100}","Worcester","25027","FALSE","FALSE","America/New_York"
"01560","42.17496","-71.67756","South Grafton","MA","Massachusetts","TRUE","","4401","490.7","25027","Worcester","{'25027':100}","Worcester","25027","FALSE","FALSE","America/New_York"
"01561","42.44395","-71.6855","South Lancaster","MA","Massachusetts","TRUE","","294","1033.6","25027","Worcester","{'25027':100}","Worcester","25027","FALSE","FALSE","America/New_York"
"01562","42.24715","-71.99189","Spencer","MA","Massachusetts","TRUE","","11913","137.4","25027","Worcester","{'25027':100}","Worcester","25027","FALSE","FALSE","America/New_York"
"01564","42.44124","-71.77297","Sterling","MA","Massachusetts","TRUE","","8052","98.5","25027","Worcester","{'25027':100}","Worcester","25027","FALSE","FALSE","America/New_York"
"01566","42.1024","-72.08116","Sturbridge","MA","Massachusetts","TRUE","","5618","85.7","25027","Worcester","{'25027':100}","Worcester","25027","FALSE","FALSE","America/New_York"
"01568","42.17702","-71.60467","Upton","MA","Massachusetts","TRUE","","7762","134.6","25027","Worcester","{'25027':100}","Worcester","25027","FALSE","FALSE","America/New_York"
"01569","42.05873","-71.63708","Uxbridge","MA","Massachusetts","TRUE","","13939","180.2","25027","Worcester","{'25027':100}","Worcester","25027","FALSE","FALSE","America/New_York"
"01570","42.05206","-71.8485","Webster","MA","Massachusetts","TRUE","","16971","523.9","25027","Worcester","{'25027':100}","Worcester","25027","FALSE","FALSE","America/New_York"
"01571","42.05501","-71.93519","Dudley","MA","Massachusetts","TRUE","","11682","211.1","25027","Worcester","{'25027':100}","Worcester","25027","FALSE","FALSE","America/New_York"
"01581","42.26816","-71.61402","Westborough","MA","Massachusetts","TRUE","","18982","342.4","25027","Worcester","{'25027':100}","Worcester","25027","FALSE","FALSE","America/New_York"
"01583","42.37025","-71.78499","West Boylston","MA","Massachusetts","TRUE","","7676","232.3","25027","Worcester","{'25027':100}","Worcester","25027","FALSE","FALSE","America/New_York"
"01585","42.24152","-72.16193","West Brookfield","MA","Massachusetts","TRUE","","4574","68.8","25027","Worcester","{'25027':100}","Worcester","25027","FALSE","FALSE","America/New_York"
"01588","42.11992","-71.66955","Whitinsville","MA","Massachusetts","TRUE","","9775","436.5","25027","Worcester","{'25027':100}","Worcester","25027","FALSE","FALSE","America/New_York"
"01590","42.13395","-71.75087","Sutton","MA","Massachusetts","TRUE","","9385","107.0","25027","Worcester","{'25027':100}","Worcester","25027","FALSE","FALSE","America/New_York"
"01602","42.27223","-71.84951","Worcester","MA","Massachusetts","TRUE","","23854","1527.5","25027","Worcester","{'25027':100}","Worcester","25027","FALSE","FALSE","America/New_York"
"01603","42.24406","-71.84445","Worcester","MA","Massachusetts","TRUE","","19336","1704.2","25027","Worcester","{'25027':100}","Worcester","25027","FALSE","FALSE","America/New_York"
"01604","42.25146","-71.76773","Worcester","MA","Massachusetts","TRUE","","37468","2079.6","25027","Worcester","{'25027':100}","Worcester","25027","FALSE","FALSE","America/New_York"
"01605","42.28947","-71.78751","Worcester","MA","Massachusetts","TRUE","","28820","1794.7","25027","Worcester","{'25027':100}","Worcester","25027","FALSE","FALSE","America/New_York"
"01606","42.31444","-71.79556","Worcester","MA","Massachusetts","TRUE","","19729","1242.5","25027","Worcester","{'25027':100}","Worcester","25027","FALSE","FALSE","America/New_York"
"01607","42.22748","-71.78877","Worcester","MA","Massachusetts","TRUE","","8583","1019.5","25027","Worcester","{'25027':100}","Worcester","25027","FALSE","FALSE","America/New_York"
"01608","42.26185","-71.80162","Worcester","MA","Massachusetts","TRUE","","3639","3354.3","25027","Worcester","{'25027':100}","Worcester","25027","FALSE","FALSE","America/New_York"
"01609","42.28645","-71.82895","Worcester","MA","Massachusetts","TRUE","","21142","2265.6","25027","Worcester","{'25027':100}","Worcester","25027","FALSE","FALSE","America/New_York"
"01610","42.24674","-71.80966","Worcester","MA","Massachusetts","TRUE","","23040","4352.1","25027","Worcester","{'25027':100}","Worcester","25027","FALSE","FALSE","America/New_York"
"01611","42.23829","-71.87726","Cherry Valley","MA","Massachusetts","TRUE","","2241","251.5","25027","Worcester","{'25027':100}","Worcester","25027","FALSE","FALSE","America/New_York"
"01612","42.31035","-71.93077","Paxton","MA","Massachusetts","TRUE","","4870","122.2","25027","Worcester","{'25027':100}","Worcester","25027","FALSE","FALSE","America/New_York"
"01701","42.32174","-71.43817","Framingham","MA","Massachusetts","TRUE","","32570","710.4","25017","Middlesex","{'25017':100}","Middlesex","25017","FALSE","FALSE","America/New_York"
"01702","42.28217","-71.43387","Framingham","MA","Massachusetts","TRUE","","39149","1775.8","25017","Middlesex","{'25017':100}","Middlesex","25017","FALSE","FALSE","America/New_York"
"01718","42.51973","-71.42939","Acton","MA","Massachusetts","TRUE","","813","3899.9","25017","Middlesex","{'25017':100}","Middlesex","25017","FALSE","FALSE","America/New_York"
"01719","42.48836","-71.51782","Boxborough","MA","Massachusetts","TRUE","","5794","187.5","25017","Middlesex","{'25017':100}","Middlesex","25017","FALSE","FALSE","America/New_York"
"01720","42.48417","-71.43805","Acton","MA","Massachusetts","TRUE","","22684","418.4","25017","Middlesex","{'25017':100}","Middlesex","25017","FALSE","FALSE","America/New_York"
"01721","42.25729","-71.46866","Ashland","MA","Massachusetts","TRUE","","17576","519.3","25017","Middlesex","{'25017':100}","Middlesex","25017","FALSE","FALSE","America/New_York"
"01730","42.49697","-71.27834","Bedford","MA","Massachusetts","TRUE","","14053","372.6","25017","Middlesex","{'25017':100}","Middlesex","25017","FALSE","FALSE","America/New_York"
"01731","42.45675","-71.27952","Hanscom Afb","MA","Massachusetts","TRUE","","2061","680.4","25017","Middlesex","{'25017':100}","Middlesex","25017","FALSE","FALSE","America/New_York"
"01740","42.43616","-71.60728","Bolton","MA","Massachusetts","TRUE","","5236","94.8","25027","Worcester","{'25027':100}","Worcester","25027","FALSE","FALSE","America/New_York"
"01741","42.53001","-71.35128","Carlisle","MA","Massachusetts","TRUE","","5186","122.6","25017","Middlesex","{'25017':100}","Middlesex","25017","FALSE","FALSE","America/New_York"
"01742","42.46225","-71.36424","Concord","MA","Massachusetts","TRUE","","19350","280.1","25017","Middlesex","{'25017':100}","Middlesex","25017","FALSE","FALSE","America/New_York"
"01745","42.29204","-71.5013","Fayville","MA","Massachusetts","TRUE","","588","384.1","25027","Worcester","{'25027':100}","Worcester","25027","FALSE","FALSE","America/New_York"
"01746","42.19775","-71.44499","Holliston","MA","Massachusetts","TRUE","","14634","280.4","25017","Middlesex","{'25017':100}","Middlesex","25017","FALSE","FALSE","America/New_York"
"01747","42.1248","-71.53508","Hopedale","MA","Massachusetts","TRUE","","5951","441.0","25027","Worcester","{'25027':100}","Worcester","25027","FALSE","FALSE","America/New_York"
"01748","42.2255","-71.53779","Hopkinton","MA","Massachusetts","TRUE","","17178","219.7","25017","Middlesex","{'25017':100}","Middlesex","25017","FALSE","FALSE","America/New_York"
"01749","42.38868","-71.54647","Hudson","MA","Massachusetts","TRUE","","19868","638.5","25017","Middlesex","{'25017':100}","Middlesex","25017","FALSE","FALSE","America/New_York"
"01752","42.3494","-71.54681","Marlborough","MA","Massachusetts","TRUE","","39776","712.4","25017","Middlesex","{'25017':100}","Middlesex","25017","FALSE","FALSE","America/New_York"
"01754","42.4264","-71.45612","Maynard","MA","Massachusetts","TRUE","","10600","749.0","25017","Middlesex","{'25017':100}","Middlesex","25017","FALSE","FALSE","America/New_York"
"01756","42.09302","-71.55148","Mendon","MA","Massachusetts","TRUE","","6068","126.9","25027","Worcester","{'25027':100}","Worcester","25027","FALSE","FALSE","America/New_York"
"01757","42.15678","-71.51911","Milford","MA","Massachusetts","TRUE","","28862","727.4","25027","Worcester","{'25027':100}","Worcester","25027","FALSE","FALSE","America/New_York"
"01760","42.28434","-71.34983","Natick","MA","Massachusetts","TRUE","","35763","854.3","25017","Middlesex","{'25017':100}","Middlesex","25017","FALSE","FALSE","America/New_York"
"01770","42.23414","-71.37532","Sherborn","MA","Massachusetts","TRUE","","4301","100.7","25017","Middlesex","{'25017':100}","Middlesex","25017","FALSE","FALSE","America/New_York"
"01772","42.30144","-71.53042","Southborough","MA","Massachusetts","TRUE","","9486","265.9","25027","Worcester","{'25027':100}","Worcester","25027","FALSE","FALSE","America/New_York"
"01773","42.4252","-71.31039","Lincoln","MA","Massachusetts","TRUE","","4775","144.9","25017","Middlesex","{'25017':100}","Middlesex","25017","FALSE","FALSE","America/New_York"
"01775","42.42983","-71.51148","Stow","MA","Massachusetts","TRUE","","7098","146.9","25017","Middlesex","{'25017':100}","Middlesex","25017","FALSE","FALSE","America/New_York"
"01776","42.38473","-71.4234","Sudbury","MA","Massachusetts","TRUE","","18940","281.3","25017","Middlesex","{'25017':100}","Middlesex","25017","FALSE","FALSE","America/New_York"
"01778","42.35829","-71.35918","Wayland","MA","Massachusetts","TRUE","","13970","332.8","25017","Middlesex","{'25017':100}","Middlesex","25017","FALSE","FALSE","America/New_York"
"01801","42.487","-71.15426","Woburn","MA","Massachusetts","TRUE","","40350","1186.2","25017","Middlesex","{'25017':100}","Middlesex","25017","FALSE","FALSE","America/New_York"
"01803","42.50216","-71.20257","Burlington","MA","Massachusetts","TRUE","","27059","807.3","25017","Middlesex","{'25017':100}","Middlesex","25017","FALSE","FALSE","America/New_York"
"01810","42.64655","-71.16505","Andover","MA","Massachusetts","TRUE","","35609","415.8","25009","Essex","{'25009':100}","Essex","25009","FALSE","FALSE","America/New_York"
"01821","42.55017","-71.25217","Billerica","MA","Massachusetts","TRUE","","33016","706.4","25017","Middlesex","{'25017':100}","Middlesex","25017","FALSE","FALSE","America/New_York"
"01824","42.59114","-71.35564","Chelmsford","MA","Massachusetts","TRUE","","25955","541.5","25017","Middlesex","{'25017':100}","Middlesex","25017","FALSE","FALSE","America/New_York"
"01826","42.68314","-71.30061","Dracut","MA","Massachusetts","TRUE","","31101","549.6","25017","Middlesex","{'25017':100}","Middlesex","25017","FALSE","FALSE","America/New_York"
"01827","42.67642","-71.5005","Dunstable","MA","Massachusetts","TRUE","","3345","74.6","25017","Middlesex","{'25017':100}","Middlesex","25017","FALSE","FALSE","America/New_York"
"01830","42.79591","-71.05314","Haverhill","MA","Massachusetts","TRUE","","26695","702.1","25009","Essex","{'25009':100}","Essex","25009","FALSE","FALSE","America/New_York"
"01832","42.79103","-71.13131","Haverhill","MA","Massachusetts","TRUE","","23419","747.1","25009","Essex","{'25009':100}","Essex","25009","FALSE","FALSE","America/New_York"
"01833","42.72401","-70.9821","Georgetown","MA","Massachusetts","TRUE","","8649","245.7","25009","Essex","{'25009':100}","Essex","25009","FALSE","FALSE","America/New_York"
"01834","42.75199","-71.01486","Groveland","MA","Massachusetts","TRUE","","6749","280.8","25009","Essex","{'25009':100}","Essex","25009","FALSE","FALSE","America/New_York"
"01835","42.75293","-71.08594","Haverhill","MA","Massachusetts","TRUE","","13166","676.3","25009","Essex","{'25009':100}","Essex","25009","FALSE","FALSE","America/New_York"
"01840","42.70688","-71.1601","Lawrence","MA","Massachusetts","TRUE","","5560","3667.9","25009","Essex","{'25009':100}","Essex","25009","FALSE","FALSE","America/New_York"
"01841","42.71083","-71.1651","Lawrence","MA","Massachusetts","TRUE","","48827","5904.2","25009","Essex","{'25009':100}","Essex","25009","FALSE","FALSE","America/New_York"
"01843","42.68984","-71.16097","Lawrence","MA","Massachusetts","TRUE","","25454","2795.6","25009","Essex","{'25009':100}","Essex","25009","FALSE","FALSE","America/New_York"
"01844","42.73401","-71.18889","Methuen","MA","Massachusetts","TRUE","","50019","821.3","25009","Essex","{'25009':100}","Essex","25009","FALSE","FALSE","America/New_York"
"01845","42.67135","-71.08653","North Andover","MA","Massachusetts","TRUE","","30589","416.5","25009","Essex","{'25009':100}","Essex","25009","FALSE","FALSE","America/New_York"
"01850","42.65569","-71.30292","Lowell","MA","Massachusetts","TRUE","","16267","4326.9","25017","Middlesex","{'25017':100}","Middlesex","25017","FALSE","FALSE","America/New_York"
"01851","42.62813","-71.33566","Lowell","MA","Massachusetts","TRUE","","30574","3485.2","25017","Middlesex","{'25017':100}","Middlesex","25017","FALSE","FALSE","America/New_York"
"01852","42.63232","-71.29538","Lowell","MA","Massachusetts","TRUE","","34939","2603.1","25017","Middlesex","{'25017':100}","Middlesex","25017","FALSE","FALSE","America/New_York"
"01854","42.64907","-71.34805","Lowell","MA","Massachusetts","TRUE","","29561","2709.2","25017","Middlesex","{'25017':100}","Middlesex","25017","FALSE","FALSE","America/New_York"
"01860","42.83857","-71.01192","Merrimac","MA","Massachusetts","TRUE","","6839","288.1","25009","Essex","{'25009':100}","Essex","25009","FALSE","FALSE","America/New_York"
"01862","42.57487","-71.29344","North Billerica","MA","Massachusetts","TRUE","","10223","427.3","25017","Middlesex","{'25017':100}","Middlesex","25017","FALSE","FALSE","America/New_York"
"01863","42.63242","-71.39059","North Chelmsford","MA","Massachusetts","TRUE","","9131","743.0","25017","Middlesex","{'25017':100}","Middlesex","25017","FALSE","FALSE","America/New_York"
"01864","42.58156","-71.08755","North Reading","MA","Massachusetts","TRUE","","15642","436.9","25017","Middlesex","{'25017':100}","Middlesex","25017","FALSE","FALSE","America/New_York"
"01867","42.53507","-71.10555","Reading","MA","Massachusetts","TRUE","","25048","929.1","25017","Middlesex","{'25017':100}","Middlesex","25017","FALSE","FALSE","America/New_York"
